FALSE,FALSE,Parish,FALSE,FALSE,FALSE,FALSE,Secretary/reception,Bulletin Email,FALSE,Youth Minister Name,Youth Minister Email,Contacted?
FALSE,FALSE,1,FALSE,FALSE,FALSE,FALSE,davidislearninghowtosendemails@gmail.com,davidislearninghowtosendemails@gmail.com,FALSE,9101,davidislearninghowtosendemails@gmail.com,
FALSE,FALSE,2,FALSE,FALSE,FALSE,FALSE,davidislearninghowtosendemails@gmail.com,davidislearninghowtosendemails@gmail.com,FALSE,9102,davidislearninghowtosendemails@gmail.com,
FALSE,FALSE,3,FALSE,FALSE,FALSE,FALSE,davidislearninghowtosendemails@gmail.com,davidislearninghowtosendemails@gmail.com,FALSE,9103,davidislearninghowtosendemails@gmail.com,
FALSE,FALSE,4,FALSE,FALSE,FALSE,FALSE,davidislearninghowtosendemails@gmail.com,davidislearninghowtosendemails@gmail.com,FALSE,9104,davidislearninghowtosendemails@gmail.com,
FALSE,FALSE,5,FALSE,FALSE,FALSE,FALSE,davidislearninghowtosendemails@gmail.com,davidislearninghowtosendemails@gmail.com,FALSE,9105,davidislearninghowtosendemails@gmail.com,
FALSE,FALSE,6,FALSE,FALSE,FALSE,FALSE,davidislearninghowtosendemails@gmail.com,davidislearninghowtosendemails@gmail.com,FALSE,9106,davidislearninghowtosendemails@gmail.com,
FALSE,FALSE,7,FALSE,FALSE,FALSE,FALSE,davidislearninghowtosendemails@gmail.com,davidislearninghowtosendemails@gmail.com,FALSE,9107,davidislearninghowtosendemails@gmail.com,
FALSE,FALSE,8,FALSE,FALSE,FALSE,FALSE,davidislearninghowtosendemails@gmail.com,davidislearninghowtosendemails@gmail.com,FALSE,9108,davidislearninghowtosendemails@gmail.com,
FALSE,FALSE,9,FALSE,FALSE,FALSE,FALSE,davidislearninghowtosendemails@gmail.com,davidislearninghowtosendemails@gmail.com,FALSE,9109,davidislearninghowtosendemails@gmail.com,
FALSE,FALSE,10,FALSE,FALSE,FALSE,FALSE,davidislearninghowtosendemails@gmail.com,davidislearninghowtosendemails@gmail.com,FALSE,9110,davidislearninghowtosendemails@gmail.com,
FALSE,FALSE,11,FALSE,FALSE,FALSE,FALSE,davidislearninghowtosendemails@gmail.com,davidislearninghowtosendemails@gmail.com,FALSE,9111,davidislearninghowtosendemails@gmail.com,
FALSE,FALSE,12,FALSE,FALSE,FALSE,FALSE,davidislearninghowtosendemails@gmail.com,davidislearninghowtosendemails@gmail.com,FALSE,9112,davidislearninghowtosendemails@gmail.com,
FALSE,FALSE,13,FALSE,FALSE,FALSE,FALSE,davidislearninghowtosendemails@gmail.com,davidislearninghowtosendemails@gmail.com,FALSE,9113,davidislearninghowtosendemails@gmail.com,
FALSE,FALSE,14,FALSE,FALSE,FALSE,FALSE,davidislearninghowtosendemails@gmail.com,davidislearninghowtosendemails@gmail.com,FALSE,9114,davidislearninghowtosendemails@gmail.com,
FALSE,FALSE,15,FALSE,FALSE,FALSE,FALSE,davidislearninghowtosendemails@gmail.com,davidislearninghowtosendemails@gmail.com,FALSE,9115,davidislearninghowtosendemails@gmail.com,
FALSE,FALSE,16,FALSE,FALSE,FALSE,FALSE,davidislearninghowtosendemails@gmail.com,davidislearninghowtosendemails@gmail.com,FALSE,9116,davidislearninghowtosendemails@gmail.com,
FALSE,FALSE,17,FALSE,FALSE,FALSE,FALSE,davidislearninghowtosendemails@gmail.com,davidislearninghowtosendemails@gmail.com,FALSE,9117,davidislearninghowtosendemails@gmail.com,
FALSE,FALSE,18,FALSE,FALSE,FALSE,FALSE,davidislearninghowtosendemails@gmail.com,davidislearninghowtosendemails@gmail.com,FALSE,9118,davidislearninghowtosendemails@gmail.com,
FALSE,FALSE,19,FALSE,FALSE,FALSE,FALSE,davidislearninghowtosendemails@gmail.com,davidislearninghowtosendemails@gmail.com,FALSE,9119,davidislearninghowtosendemails@gmail.com,
FALSE,FALSE,20,FALSE,FALSE,FALSE,FALSE,davidislearninghowtosendemails@gmail.com,davidislearninghowtosendemails@gmail.com,FALSE,9120,davidislearninghowtosendemails@gmail.com,
FALSE,FALSE,21,FALSE,FALSE,FALSE,FALSE,davidislearninghowtosendemails@gmail.com,davidislearninghowtosendemails@gmail.com,FALSE,9121,davidislearninghowtosendemails@gmail.com,
FALSE,FALSE,22,FALSE,FALSE,FALSE,FALSE,davidislearninghowtosendemails@gmail.com,davidislearninghowtosendemails@gmail.com,FALSE,9122,davidislearninghowtosendemails@gmail.com,
FALSE,FALSE,23,FALSE,FALSE,FALSE,FALSE,davidislearninghowtosendemails@gmail.com,davidislearninghowtosendemails@gmail.com,FALSE,9123,davidislearninghowtosendemails@gmail.com,
FALSE,FALSE,24,FALSE,FALSE,FALSE,FALSE,davidislearninghowtosendemails@gmail.com,davidislearninghowtosendemails@gmail.com,FALSE,9124,davidislearninghowtosendemails@gmail.com,
FALSE,FALSE,25,FALSE,FALSE,FALSE,FALSE,davidislearninghowtosendemails@gmail.com,davidislearninghowtosendemails@gmail.com,FALSE,9125,davidislearninghowtosendemails@gmail.com,
FALSE,FALSE,26,FALSE,FALSE,FALSE,FALSE,davidislearninghowtosendemails@gmail.com,davidislearninghowtosendemails@gmail.com,FALSE,9126,davidislearninghowtosendemails@gmail.com,
FALSE,FALSE,27,FALSE,FALSE,FALSE,FALSE,davidislearninghowtosendemails@gmail.com,davidislearninghowtosendemails@gmail.com,FALSE,9127,davidislearninghowtosendemails@gmail.com,
FALSE,FALSE,28,FALSE,FALSE,FALSE,FALSE,davidislearninghowtosendemails@gmail.com,davidislearninghowtosendemails@gmail.com,FALSE,9128,davidislearninghowtosendemails@gmail.com,
FALSE,FALSE,29,FALSE,FALSE,FALSE,FALSE,davidislearninghowtosendemails@gmail.com,davidislearninghowtosendemails@gmail.com,FALSE,9129,davidislearninghowtosendemails@gmail.com,
FALSE,FALSE,30,FALSE,FALSE,FALSE,FALSE,davidislearninghowtosendemails@gmail.com,davidislearninghowtosendemails@gmail.com,FALSE,9130,davidislearninghowtosendemails@gmail.com,
FALSE,FALSE,31,FALSE,FALSE,FALSE,FALSE,davidislearninghowtosendemails@gmail.com,davidislearninghowtosendemails@gmail.com,FALSE,9131,davidislearninghowtosendemails@gmail.com,
FALSE,FALSE,32,FALSE,FALSE,FALSE,FALSE,davidislearninghowtosendemails@gmail.com,davidislearninghowtosendemails@gmail.com,FALSE,9132,davidislearninghowtosendemails@gmail.com,
FALSE,FALSE,33,FALSE,FALSE,FALSE,FALSE,davidislearninghowtosendemails@gmail.com,davidislearninghowtosendemails@gmail.com,FALSE,9133,davidislearninghowtosendemails@gmail.com,
FALSE,FALSE,34,FALSE,FALSE,FALSE,FALSE,davidislearninghowtosendemails@gmail.com,davidislearninghowtosendemails@gmail.com,FALSE,9134,davidislearninghowtosendemails@gmail.com,
FALSE,FALSE,35,FALSE,FALSE,FALSE,FALSE,davidislearninghowtosendemails@gmail.com,davidislearninghowtosendemails@gmail.com,FALSE,9135,davidislearninghowtosendemails@gmail.com,
FALSE,FALSE,36,FALSE,FALSE,FALSE,FALSE,davidislearninghowtosendemails@gmail.com,davidislearninghowtosendemails@gmail.com,FALSE,9136,davidislearninghowtosendemails@gmail.com,
FALSE,FALSE,37,FALSE,FALSE,FALSE,FALSE,davidislearninghowtosendemails@gmail.com,davidislearninghowtosendemails@gmail.com,FALSE,9137,davidislearninghowtosendemails@gmail.com,
FALSE,FALSE,38,FALSE,FALSE,FALSE,FALSE,davidislearninghowtosendemails@gmail.com,davidislearninghowtosendemails@gmail.com,FALSE,9138,davidislearninghowtosendemails@gmail.com,
FALSE,FALSE,39,FALSE,FALSE,FALSE,FALSE,davidislearninghowtosendemails@gmail.com,davidislearninghowtosendemails@gmail.com,FALSE,9139,davidislearninghowtosendemails@gmail.com,
FALSE,FALSE,40,FALSE,FALSE,FALSE,FALSE,davidislearninghowtosendemails@gmail.com,davidislearninghowtosendemails@gmail.com,FALSE,9140,davidislearninghowtosendemails@gmail.com,
FALSE,FALSE,41,FALSE,FALSE,FALSE,FALSE,davidislearninghowtosendemails@gmail.com,davidislearninghowtosendemails@gmail.com,FALSE,9141,davidislearninghowtosendemails@gmail.com,
FALSE,FALSE,42,FALSE,FALSE,FALSE,FALSE,davidislearninghowtosendemails@gmail.com,davidislearninghowtosendemails@gmail.com,FALSE,9142,davidislearninghowtosendemails@gmail.com,
FALSE,FALSE,43,FALSE,FALSE,FALSE,FALSE,davidislearninghowtosendemails@gmail.com,davidislearninghowtosendemails@gmail.com,FALSE,9143,davidislearninghowtosendemails@gmail.com,
FALSE,FALSE,44,FALSE,FALSE,FALSE,FALSE,davidislearninghowtosendemails@gmail.com,davidislearninghowtosendemails@gmail.com,FALSE,9144,davidislearninghowtosendemails@gmail.com,
FALSE,FALSE,45,FALSE,FALSE,FALSE,FALSE,davidislearninghowtosendemails@gmail.com,davidislearninghowtosendemails@gmail.com,FALSE,9145,davidislearninghowtosendemails@gmail.com,
FALSE,FALSE,46,FALSE,FALSE,FALSE,FALSE,davidislearninghowtosendemails@gmail.com,davidislearninghowtosendemails@gmail.com,FALSE,9146,davidislearninghowtosendemails@gmail.com,
FALSE,FALSE,47,FALSE,FALSE,FALSE,FALSE,davidislearninghowtosendemails@gmail.com,davidislearninghowtosendemails@gmail.com,FALSE,9147,davidislearninghowtosendemails@gmail.com,
FALSE,FALSE,48,FALSE,FALSE,FALSE,FALSE,davidislearninghowtosendemails@gmail.com,davidislearninghowtosendemails@gmail.com,FALSE,9148,davidislearninghowtosendemails@gmail.com,
FALSE,FALSE,49,FALSE,FALSE,FALSE,FALSE,davidislearninghowtosendemails@gmail.com,davidislearninghowtosendemails@gmail.com,FALSE,9149,davidislearninghowtosendemails@gmail.com,
FALSE,FALSE,50,FALSE,FALSE,FALSE,FALSE,davidislearninghowtosendemails@gmail.com,davidislearninghowtosendemails@gmail.com,FALSE,9150,davidislearninghowtosendemails@gmail.com,
FALSE,FALSE,51,FALSE,FALSE,FALSE,FALSE,davidislearninghowtosendemails@gmail.com,davidislearninghowtosendemails@gmail.com,FALSE,9151,davidislearninghowtosendemails@gmail.com,
FALSE,FALSE,52,FALSE,FALSE,FALSE,FALSE,davidislearninghowtosendemails@gmail.com,davidislearninghowtosendemails@gmail.com,FALSE,9152,davidislearninghowtosendemails@gmail.com,
FALSE,FALSE,53,FALSE,FALSE,FALSE,FALSE,davidislearninghowtosendemails@gmail.com,davidislearninghowtosendemails@gmail.com,FALSE,9153,davidislearninghowtosendemails@gmail.com,
FALSE,FALSE,54,FALSE,FALSE,FALSE,FALSE,davidislearninghowtosendemails@gmail.com,davidislearninghowtosendemails@gmail.com,FALSE,9154,davidislearninghowtosendemails@gmail.com,
FALSE,FALSE,55,FALSE,FALSE,FALSE,FALSE,davidislearninghowtosendemails@gmail.com,davidislearninghowtosendemails@gmail.com,FALSE,9155,davidislearninghowtosendemails@gmail.com,
FALSE,FALSE,56,FALSE,FALSE,FALSE,FALSE,davidislearninghowtosendemails@gmail.com,davidislearninghowtosendemails@gmail.com,FALSE,9156,davidislearninghowtosendemails@gmail.com,
FALSE,FALSE,57,FALSE,FALSE,FALSE,FALSE,davidislearninghowtosendemails@gmail.com,davidislearninghowtosendemails@gmail.com,FALSE,9157,davidislearninghowtosendemails@gmail.com,
FALSE,FALSE,58,FALSE,FALSE,FALSE,FALSE,davidislearninghowtosendemails@gmail.com,davidislearninghowtosendemails@gmail.com,FALSE,9158,davidislearninghowtosendemails@gmail.com,
FALSE,FALSE,59,FALSE,FALSE,FALSE,FALSE,davidislearninghowtosendemails@gmail.com,davidislearninghowtosendemails@gmail.com,FALSE,9159,davidislearninghowtosendemails@gmail.com,
FALSE,FALSE,60,FALSE,FALSE,FALSE,FALSE,davidislearninghowtosendemails@gmail.com,davidislearninghowtosendemails@gmail.com,FALSE,9160,davidislearninghowtosendemails@gmail.com,
FALSE,FALSE,61,FALSE,FALSE,FALSE,FALSE,davidislearninghowtosendemails@gmail.com,davidislearninghowtosendemails@gmail.com,FALSE,9161,davidislearninghowtosendemails@gmail.com,
FALSE,FALSE,62,FALSE,FALSE,FALSE,FALSE,davidislearninghowtosendemails@gmail.com,davidislearninghowtosendemails@gmail.com,FALSE,9162,davidislearninghowtosendemails@gmail.com,
FALSE,FALSE,63,FALSE,FALSE,FALSE,FALSE,davidislearninghowtosendemails@gmail.com,davidislearninghowtosendemails@gmail.com,FALSE,9163,davidislearninghowtosendemails@gmail.com,
FALSE,FALSE,64,FALSE,FALSE,FALSE,FALSE,davidislearninghowtosendemails@gmail.com,davidislearninghowtosendemails@gmail.com,FALSE,9164,davidislearninghowtosendemails@gmail.com,
FALSE,FALSE,65,FALSE,FALSE,FALSE,FALSE,davidislearninghowtosendemails@gmail.com,davidislearninghowtosendemails@gmail.com,FALSE,9165,davidislearninghowtosendemails@gmail.com,
FALSE,FALSE,66,FALSE,FALSE,FALSE,FALSE,davidislearninghowtosendemails@gmail.com,davidislearninghowtosendemails@gmail.com,FALSE,9166,davidislearninghowtosendemails@gmail.com,
FALSE,FALSE,67,FALSE,FALSE,FALSE,FALSE,davidislearninghowtosendemails@gmail.com,davidislearninghowtosendemails@gmail.com,FALSE,9167,davidislearninghowtosendemails@gmail.com,
FALSE,FALSE,68,FALSE,FALSE,FALSE,FALSE,davidislearninghowtosendemails@gmail.com,davidislearninghowtosendemails@gmail.com,FALSE,9168,davidislearninghowtosendemails@gmail.com,
FALSE,FALSE,69,FALSE,FALSE,FALSE,FALSE,davidislearninghowtosendemails@gmail.com,davidislearninghowtosendemails@gmail.com,FALSE,9169,davidislearninghowtosendemails@gmail.com,
FALSE,FALSE,70,FALSE,FALSE,FALSE,FALSE,davidislearninghowtosendemails@gmail.com,davidislearninghowtosendemails@gmail.com,FALSE,9170,davidislearninghowtosendemails@gmail.com,
FALSE,FALSE,71,FALSE,FALSE,FALSE,FALSE,davidislearninghowtosendemails@gmail.com,davidislearninghowtosendemails@gmail.com,FALSE,9171,davidislearninghowtosendemails@gmail.com,
FALSE,FALSE,72,FALSE,FALSE,FALSE,FALSE,davidislearninghowtosendemails@gmail.com,davidislearninghowtosendemails@gmail.com,FALSE,9172,davidislearninghowtosendemails@gmail.com,
FALSE,FALSE,73,FALSE,FALSE,FALSE,FALSE,davidislearninghowtosendemails@gmail.com,davidislearninghowtosendemails@gmail.com,FALSE,9173,davidislearninghowtosendemails@gmail.com,
FALSE,FALSE,74,FALSE,FALSE,FALSE,FALSE,davidislearninghowtosendemails@gmail.com,davidislearninghowtosendemails@gmail.com,FALSE,9174,davidislearninghowtosendemails@gmail.com,
FALSE,FALSE,75,FALSE,FALSE,FALSE,FALSE,davidislearninghowtosendemails@gmail.com,davidislearninghowtosendemails@gmail.com,FALSE,9175,davidislearninghowtosendemails@gmail.com,
FALSE,FALSE,76,FALSE,FALSE,FALSE,FALSE,davidislearninghowtosendemails@gmail.com,davidislearninghowtosendemails@gmail.com,FALSE,9176,davidislearninghowtosendemails@gmail.com,
FALSE,FALSE,77,FALSE,FALSE,FALSE,FALSE,davidislearninghowtosendemails@gmail.com,davidislearninghowtosendemails@gmail.com,FALSE,9177,davidislearninghowtosendemails@gmail.com,
FALSE,FALSE,78,FALSE,FALSE,FALSE,FALSE,davidislearninghowtosendemails@gmail.com,davidislearninghowtosendemails@gmail.com,FALSE,9178,davidislearninghowtosendemails@gmail.com,
FALSE,FALSE,79,FALSE,FALSE,FALSE,FALSE,davidislearninghowtosendemails@gmail.com,davidislearninghowtosendemails@gmail.com,FALSE,9179,davidislearninghowtosendemails@gmail.com,
FALSE,FALSE,80,FALSE,FALSE,FALSE,FALSE,davidislearninghowtosendemails@gmail.com,davidislearninghowtosendemails@gmail.com,FALSE,9180,davidislearninghowtosendemails@gmail.com,
FALSE,FALSE,81,FALSE,FALSE,FALSE,FALSE,davidislearninghowtosendemails@gmail.com,davidislearninghowtosendemails@gmail.com,FALSE,9181,davidislearninghowtosendemails@gmail.com,
FALSE,FALSE,82,FALSE,FALSE,FALSE,FALSE,davidislearninghowtosendemails@gmail.com,davidislearninghowtosendemails@gmail.com,FALSE,9182,davidislearninghowtosendemails@gmail.com,
FALSE,FALSE,83,FALSE,FALSE,FALSE,FALSE,davidislearninghowtosendemails@gmail.com,davidislearninghowtosendemails@gmail.com,FALSE,9183,davidislearninghowtosendemails@gmail.com,
FALSE,FALSE,84,FALSE,FALSE,FALSE,FALSE,davidislearninghowtosendemails@gmail.com,davidislearninghowtosendemails@gmail.com,FALSE,9184,davidislearninghowtosendemails@gmail.com,
FALSE,FALSE,85,FALSE,FALSE,FALSE,FALSE,davidislearninghowtosendemails@gmail.com,davidislearninghowtosendemails@gmail.com,FALSE,9185,davidislearninghowtosendemails@gmail.com,
FALSE,FALSE,86,FALSE,FALSE,FALSE,FALSE,davidislearninghowtosendemails@gmail.com,davidislearninghowtosendemails@gmail.com,FALSE,9186,davidislearninghowtosendemails@gmail.com,
FALSE,FALSE,87,FALSE,FALSE,FALSE,FALSE,davidislearninghowtosendemails@gmail.com,davidislearninghowtosendemails@gmail.com,FALSE,9187,davidislearninghowtosendemails@gmail.com,
FALSE,FALSE,88,FALSE,FALSE,FALSE,FALSE,davidislearninghowtosendemails@gmail.com,davidislearninghowtosendemails@gmail.com,FALSE,9188,davidislearninghowtosendemails@gmail.com,
FALSE,FALSE,89,FALSE,FALSE,FALSE,FALSE,davidislearninghowtosendemails@gmail.com,davidislearninghowtosendemails@gmail.com,FALSE,9189,davidislearninghowtosendemails@gmail.com,
FALSE,FALSE,90,FALSE,FALSE,FALSE,FALSE,davidislearninghowtosendemails@gmail.com,davidislearninghowtosendemails@gmail.com,FALSE,9190,davidislearninghowtosendemails@gmail.com,
FALSE,FALSE,91,FALSE,FALSE,FALSE,FALSE,davidislearninghowtosendemails@gmail.com,davidislearninghowtosendemails@gmail.com,FALSE,9191,davidislearninghowtosendemails@gmail.com,
FALSE,FALSE,92,FALSE,FALSE,FALSE,FALSE,davidislearninghowtosendemails@gmail.com,davidislearninghowtosendemails@gmail.com,FALSE,9192,davidislearninghowtosendemails@gmail.com,
FALSE,FALSE,93,FALSE,FALSE,FALSE,FALSE,davidislearninghowtosendemails@gmail.com,davidislearninghowtosendemails@gmail.com,FALSE,9193,davidislearninghowtosendemails@gmail.com,
FALSE,FALSE,94,FALSE,FALSE,FALSE,FALSE,davidislearninghowtosendemails@gmail.com,davidislearninghowtosendemails@gmail.com,FALSE,9194,davidislearninghowtosendemails@gmail.com,
FALSE,FALSE,95,FALSE,FALSE,FALSE,FALSE,davidislearninghowtosendemails@gmail.com,davidislearninghowtosendemails@gmail.com,FALSE,9195,davidislearninghowtosendemails@gmail.com,
FALSE,FALSE,96,FALSE,FALSE,FALSE,FALSE,davidislearninghowtosendemails@gmail.com,davidislearninghowtosendemails@gmail.com,FALSE,9196,davidislearninghowtosendemails@gmail.com,
FALSE,FALSE,97,FALSE,FALSE,FALSE,FALSE,davidislearninghowtosendemails@gmail.com,davidislearninghowtosendemails@gmail.com,FALSE,9197,davidislearninghowtosendemails@gmail.com,
FALSE,FALSE,98,FALSE,FALSE,FALSE,FALSE,davidislearninghowtosendemails@gmail.com,davidislearninghowtosendemails@gmail.com,FALSE,9198,davidislearninghowtosendemails@gmail.com,
FALSE,FALSE,99,FALSE,FALSE,FALSE,FALSE,davidislearninghowtosendemails@gmail.com,davidislearninghowtosendemails@gmail.com,FALSE,9199,davidislearninghowtosendemails@gmail.com,
FALSE,FALSE,100,FALSE,FALSE,FALSE,FALSE,davidislearninghowtosendemails@gmail.com,davidislearninghowtosendemails@gmail.com,FALSE,9200,davidislearninghowtosendemails@gmail.com,
FALSE,FALSE,101,FALSE,FALSE,FALSE,FALSE,davidislearninghowtosendemails@gmail.com,davidislearninghowtosendemails@gmail.com,FALSE,9201,davidislearninghowtosendemails@gmail.com,
FALSE,FALSE,102,FALSE,FALSE,FALSE,FALSE,davidislearninghowtosendemails@gmail.com,davidislearninghowtosendemails@gmail.com,FALSE,9202,davidislearninghowtosendemails@gmail.com,
FALSE,FALSE,103,FALSE,FALSE,FALSE,FALSE,davidislearninghowtosendemails@gmail.com,davidislearninghowtosendemails@gmail.com,FALSE,9203,davidislearninghowtosendemails@gmail.com,
FALSE,FALSE,104,FALSE,FALSE,FALSE,FALSE,davidislearninghowtosendemails@gmail.com,davidislearninghowtosendemails@gmail.com,FALSE,9204,davidislearninghowtosendemails@gmail.com,
FALSE,FALSE,105,FALSE,FALSE,FALSE,FALSE,davidislearninghowtosendemails@gmail.com,davidislearninghowtosendemails@gmail.com,FALSE,9205,davidislearninghowtosendemails@gmail.com,
FALSE,FALSE,106,FALSE,FALSE,FALSE,FALSE,davidislearninghowtosendemails@gmail.com,davidislearninghowtosendemails@gmail.com,FALSE,9206,davidislearninghowtosendemails@gmail.com,
FALSE,FALSE,107,FALSE,FALSE,FALSE,FALSE,davidislearninghowtosendemails@gmail.com,davidislearninghowtosendemails@gmail.com,FALSE,9207,davidislearninghowtosendemails@gmail.com,
FALSE,FALSE,108,FALSE,FALSE,FALSE,FALSE,davidislearninghowtosendemails@gmail.com,davidislearninghowtosendemails@gmail.com,FALSE,9208,davidislearninghowtosendemails@gmail.com,
FALSE,FALSE,109,FALSE,FALSE,FALSE,FALSE,davidislearninghowtosendemails@gmail.com,davidislearninghowtosendemails@gmail.com,FALSE,9209,davidislearninghowtosendemails@gmail.com,
FALSE,FALSE,110,FALSE,FALSE,FALSE,FALSE,davidislearninghowtosendemails@gmail.com,davidislearninghowtosendemails@gmail.com,FALSE,9210,davidislearninghowtosendemails@gmail.com,
FALSE,FALSE,111,FALSE,FALSE,FALSE,FALSE,davidislearninghowtosendemails@gmail.com,davidislearninghowtosendemails@gmail.com,FALSE,9211,davidislearninghowtosendemails@gmail.com,
FALSE,FALSE,112,FALSE,FALSE,FALSE,FALSE,davidislearninghowtosendemails@gmail.com,davidislearninghowtosendemails@gmail.com,FALSE,9212,davidislearninghowtosendemails@gmail.com,
FALSE,FALSE,113,FALSE,FALSE,FALSE,FALSE,davidislearninghowtosendemails@gmail.com,davidislearninghowtosendemails@gmail.com,FALSE,9213,davidislearninghowtosendemails@gmail.com,
FALSE,FALSE,114,FALSE,FALSE,FALSE,FALSE,davidislearninghowtosendemails@gmail.com,davidislearninghowtosendemails@gmail.com,FALSE,9214,davidislearninghowtosendemails@gmail.com,
FALSE,FALSE,115,FALSE,FALSE,FALSE,FALSE,davidislearninghowtosendemails@gmail.com,davidislearninghowtosendemails@gmail.com,FALSE,9215,davidislearninghowtosendemails@gmail.com,
FALSE,FALSE,116,FALSE,FALSE,FALSE,FALSE,davidislearninghowtosendemails@gmail.com,davidislearninghowtosendemails@gmail.com,FALSE,9216,davidislearninghowtosendemails@gmail.com,
FALSE,FALSE,117,FALSE,FALSE,FALSE,FALSE,davidislearninghowtosendemails@gmail.com,davidislearninghowtosendemails@gmail.com,FALSE,9217,davidislearninghowtosendemails@gmail.com,
FALSE,FALSE,118,FALSE,FALSE,FALSE,FALSE,davidislearninghowtosendemails@gmail.com,davidislearninghowtosendemails@gmail.com,FALSE,9218,davidislearninghowtosendemails@gmail.com,
FALSE,FALSE,119,FALSE,FALSE,FALSE,FALSE,davidislearninghowtosendemails@gmail.com,davidislearninghowtosendemails@gmail.com,FALSE,9219,davidislearninghowtosendemails@gmail.com,
FALSE,FALSE,120,FALSE,FALSE,FALSE,FALSE,davidislearninghowtosendemails@gmail.com,davidislearninghowtosendemails@gmail.com,FALSE,9220,davidislearninghowtosendemails@gmail.com,
FALSE,FALSE,121,FALSE,FALSE,FALSE,FALSE,davidislearninghowtosendemails@gmail.com,davidislearninghowtosendemails@gmail.com,FALSE,9221,davidislearninghowtosendemails@gmail.com,
FALSE,FALSE,122,FALSE,FALSE,FALSE,FALSE,davidislearninghowtosendemails@gmail.com,davidislearninghowtosendemails@gmail.com,FALSE,9222,davidislearninghowtosendemails@gmail.com,
FALSE,FALSE,123,FALSE,FALSE,FALSE,FALSE,davidislearninghowtosendemails@gmail.com,davidislearninghowtosendemails@gmail.com,FALSE,9223,davidislearninghowtosendemails@gmail.com,
FALSE,FALSE,124,FALSE,FALSE,FALSE,FALSE,davidislearninghowtosendemails@gmail.com,davidislearninghowtosendemails@gmail.com,FALSE,9224,davidislearninghowtosendemails@gmail.com,
FALSE,FALSE,125,FALSE,FALSE,FALSE,FALSE,davidislearninghowtosendemails@gmail.com,davidislearninghowtosendemails@gmail.com,FALSE,9225,davidislearninghowtosendemails@gmail.com,
FALSE,FALSE,126,FALSE,FALSE,FALSE,FALSE,davidislearninghowtosendemails@gmail.com,davidislearninghowtosendemails@gmail.com,FALSE,9226,davidislearninghowtosendemails@gmail.com,
FALSE,FALSE,127,FALSE,FALSE,FALSE,FALSE,davidislearninghowtosendemails@gmail.com,davidislearninghowtosendemails@gmail.com,FALSE,9227,davidislearninghowtosendemails@gmail.com,
FALSE,FALSE,128,FALSE,FALSE,FALSE,FALSE,davidislearninghowtosendemails@gmail.com,davidislearninghowtosendemails@gmail.com,FALSE,9228,davidislearninghowtosendemails@gmail.com,
FALSE,FALSE,129,FALSE,FALSE,FALSE,FALSE,davidislearninghowtosendemails@gmail.com,davidislearninghowtosendemails@gmail.com,FALSE,9229,davidislearninghowtosendemails@gmail.com,
FALSE,FALSE,130,FALSE,FALSE,FALSE,FALSE,davidislearninghowtosendemails@gmail.com,davidislearninghowtosendemails@gmail.com,FALSE,9230,davidislearninghowtosendemails@gmail.com,
FALSE,FALSE,131,FALSE,FALSE,FALSE,FALSE,davidislearninghowtosendemails@gmail.com,davidislearninghowtosendemails@gmail.com,FALSE,9231,davidislearninghowtosendemails@gmail.com,
FALSE,FALSE,132,FALSE,FALSE,FALSE,FALSE,davidislearninghowtosendemails@gmail.com,davidislearninghowtosendemails@gmail.com,FALSE,9232,davidislearninghowtosendemails@gmail.com,
FALSE,FALSE,133,FALSE,FALSE,FALSE,FALSE,davidislearninghowtosendemails@gmail.com,davidislearninghowtosendemails@gmail.com,FALSE,9233,davidislearninghowtosendemails@gmail.com,
FALSE,FALSE,134,FALSE,FALSE,FALSE,FALSE,davidislearninghowtosendemails@gmail.com,davidislearninghowtosendemails@gmail.com,FALSE,9234,davidislearninghowtosendemails@gmail.com,
FALSE,FALSE,135,FALSE,FALSE,FALSE,FALSE,davidislearninghowtosendemails@gmail.com,davidislearninghowtosendemails@gmail.com,FALSE,9235,davidislearninghowtosendemails@gmail.com,
FALSE,FALSE,136,FALSE,FALSE,FALSE,FALSE,davidislearninghowtosendemails@gmail.com,davidislearninghowtosendemails@gmail.com,FALSE,9236,davidislearninghowtosendemails@gmail.com,
FALSE,FALSE,137,FALSE,FALSE,FALSE,FALSE,davidislearninghowtosendemails@gmail.com,davidislearninghowtosendemails@gmail.com,FALSE,9237,davidislearninghowtosendemails@gmail.com,
FALSE,FALSE,138,FALSE,FALSE,FALSE,FALSE,davidislearninghowtosendemails@gmail.com,davidislearninghowtosendemails@gmail.com,FALSE,9238,davidislearninghowtosendemails@gmail.com,
FALSE,FALSE,139,FALSE,FALSE,FALSE,FALSE,davidislearninghowtosendemails@gmail.com,davidislearninghowtosendemails@gmail.com,FALSE,9239,davidislearninghowtosendemails@gmail.com,
FALSE,FALSE,140,FALSE,FALSE,FALSE,FALSE,davidislearninghowtosendemails@gmail.com,davidislearninghowtosendemails@gmail.com,FALSE,9240,davidislearninghowtosendemails@gmail.com,
FALSE,FALSE,141,FALSE,FALSE,FALSE,FALSE,davidislearninghowtosendemails@gmail.com,davidislearninghowtosendemails@gmail.com,FALSE,9241,davidislearninghowtosendemails@gmail.com,
FALSE,FALSE,142,FALSE,FALSE,FALSE,FALSE,davidislearninghowtosendemails@gmail.com,davidislearninghowtosendemails@gmail.com,FALSE,9242,davidislearninghowtosendemails@gmail.com,
FALSE,FALSE,143,FALSE,FALSE,FALSE,FALSE,davidislearninghowtosendemails@gmail.com,davidislearninghowtosendemails@gmail.com,FALSE,9243,davidislearninghowtosendemails@gmail.com,
FALSE,FALSE,144,FALSE,FALSE,FALSE,FALSE,davidislearninghowtosendemails@gmail.com,davidislearninghowtosendemails@gmail.com,FALSE,9244,davidislearninghowtosendemails@gmail.com,
FALSE,FALSE,145,FALSE,FALSE,FALSE,FALSE,davidislearninghowtosendemails@gmail.com,davidislearninghowtosendemails@gmail.com,FALSE,9245,davidislearninghowtosendemails@gmail.com,
FALSE,FALSE,146,FALSE,FALSE,FALSE,FALSE,davidislearninghowtosendemails@gmail.com,davidislearninghowtosendemails@gmail.com,FALSE,9246,davidislearninghowtosendemails@gmail.com,
FALSE,FALSE,147,FALSE,FALSE,FALSE,FALSE,davidislearninghowtosendemails@gmail.com,davidislearninghowtosendemails@gmail.com,FALSE,9247,davidislearninghowtosendemails@gmail.com,
FALSE,FALSE,148,FALSE,FALSE,FALSE,FALSE,davidislearninghowtosendemails@gmail.com,davidislearninghowtosendemails@gmail.com,FALSE,9248,davidislearninghowtosendemails@gmail.com,
FALSE,FALSE,149,FALSE,FALSE,FALSE,FALSE,davidislearninghowtosendemails@gmail.com,davidislearninghowtosendemails@gmail.com,FALSE,9249,davidislearninghowtosendemails@gmail.com,
FALSE,FALSE,150,FALSE,FALSE,FALSE,FALSE,davidislearninghowtosendemails@gmail.com,davidislearninghowtosendemails@gmail.com,FALSE,9250,davidislearninghowtosendemails@gmail.com,
FALSE,FALSE,151,FALSE,FALSE,FALSE,FALSE,davidislearninghowtosendemails@gmail.com,davidislearninghowtosendemails@gmail.com,FALSE,9251,davidislearninghowtosendemails@gmail.com,
FALSE,FALSE,152,FALSE,FALSE,FALSE,FALSE,davidislearninghowtosendemails@gmail.com,davidislearninghowtosendemails@gmail.com,FALSE,9252,davidislearninghowtosendemails@gmail.com,
FALSE,FALSE,153,FALSE,FALSE,FALSE,FALSE,davidislearninghowtosendemails@gmail.com,davidislearninghowtosendemails@gmail.com,FALSE,9253,davidislearninghowtosendemails@gmail.com,
FALSE,FALSE,154,FALSE,FALSE,FALSE,FALSE,davidislearninghowtosendemails@gmail.com,davidislearninghowtosendemails@gmail.com,FALSE,9254,davidislearninghowtosendemails@gmail.com,
FALSE,FALSE,155,FALSE,FALSE,FALSE,FALSE,davidislearninghowtosendemails@gmail.com,davidislearninghowtosendemails@gmail.com,FALSE,9255,davidislearninghowtosendemails@gmail.com,
FALSE,FALSE,156,FALSE,FALSE,FALSE,FALSE,davidislearninghowtosendemails@gmail.com,davidislearninghowtosendemails@gmail.com,FALSE,9256,davidislearninghowtosendemails@gmail.com,
FALSE,FALSE,157,FALSE,FALSE,FALSE,FALSE,davidislearninghowtosendemails@gmail.com,davidislearninghowtosendemails@gmail.com,FALSE,9257,davidislearninghowtosendemails@gmail.com,
FALSE,FALSE,158,FALSE,FALSE,FALSE,FALSE,davidislearninghowtosendemails@gmail.com,davidislearninghowtosendemails@gmail.com,FALSE,9258,davidislearninghowtosendemails@gmail.com,
FALSE,FALSE,159,FALSE,FALSE,FALSE,FALSE,davidislearninghowtosendemails@gmail.com,davidislearninghowtosendemails@gmail.com,FALSE,9259,davidislearninghowtosendemails@gmail.com,
FALSE,FALSE,160,FALSE,FALSE,FALSE,FALSE,davidislearninghowtosendemails@gmail.com,davidislearninghowtosendemails@gmail.com,FALSE,9260,davidislearninghowtosendemails@gmail.com,
FALSE,FALSE,161,FALSE,FALSE,FALSE,FALSE,davidislearninghowtosendemails@gmail.com,davidislearninghowtosendemails@gmail.com,FALSE,9261,davidislearninghowtosendemails@gmail.com,
FALSE,FALSE,162,FALSE,FALSE,FALSE,FALSE,davidislearninghowtosendemails@gmail.com,davidislearninghowtosendemails@gmail.com,FALSE,9262,davidislearninghowtosendemails@gmail.com,
FALSE,FALSE,163,FALSE,FALSE,FALSE,FALSE,davidislearninghowtosendemails@gmail.com,davidislearninghowtosendemails@gmail.com,FALSE,9263,davidislearninghowtosendemails@gmail.com,
FALSE,FALSE,164,FALSE,FALSE,FALSE,FALSE,davidislearninghowtosendemails@gmail.com,davidislearninghowtosendemails@gmail.com,FALSE,9264,davidislearninghowtosendemails@gmail.com,
FALSE,FALSE,165,FALSE,FALSE,FALSE,FALSE,davidislearninghowtosendemails@gmail.com,davidislearninghowtosendemails@gmail.com,FALSE,9265,davidislearninghowtosendemails@gmail.com,
FALSE,FALSE,166,FALSE,FALSE,FALSE,FALSE,davidislearninghowtosendemails@gmail.com,davidislearninghowtosendemails@gmail.com,FALSE,9266,davidislearninghowtosendemails@gmail.com,
FALSE,FALSE,167,FALSE,FALSE,FALSE,FALSE,davidislearninghowtosendemails@gmail.com,davidislearninghowtosendemails@gmail.com,FALSE,9267,davidislearninghowtosendemails@gmail.com,
FALSE,FALSE,168,FALSE,FALSE,FALSE,FALSE,davidislearninghowtosendemails@gmail.com,davidislearninghowtosendemails@gmail.com,FALSE,9268,davidislearninghowtosendemails@gmail.com,
FALSE,FALSE,169,FALSE,FALSE,FALSE,FALSE,davidislearninghowtosendemails@gmail.com,davidislearninghowtosendemails@gmail.com,FALSE,9269,davidislearninghowtosendemails@gmail.com,
FALSE,FALSE,170,FALSE,FALSE,FALSE,FALSE,davidislearninghowtosendemails@gmail.com,davidislearninghowtosendemails@gmail.com,FALSE,9270,davidislearninghowtosendemails@gmail.com,
FALSE,FALSE,171,FALSE,FALSE,FALSE,FALSE,davidislearninghowtosendemails@gmail.com,davidislearninghowtosendemails@gmail.com,FALSE,9271,davidislearninghowtosendemails@gmail.com,
FALSE,FALSE,172,FALSE,FALSE,FALSE,FALSE,davidislearninghowtosendemails@gmail.com,davidislearninghowtosendemails@gmail.com,FALSE,9272,davidislearninghowtosendemails@gmail.com,
FALSE,FALSE,173,FALSE,FALSE,FALSE,FALSE,davidislearninghowtosendemails@gmail.com,davidislearninghowtosendemails@gmail.com,FALSE,9273,davidislearninghowtosendemails@gmail.com,
FALSE,FALSE,174,FALSE,FALSE,FALSE,FALSE,davidislearninghowtosendemails@gmail.com,davidislearninghowtosendemails@gmail.com,FALSE,9274,davidislearninghowtosendemails@gmail.com,
FALSE,FALSE,175,FALSE,FALSE,FALSE,FALSE,davidislearninghowtosendemails@gmail.com,davidislearninghowtosendemails@gmail.com,FALSE,9275,davidislearninghowtosendemails@gmail.com,
FALSE,FALSE,176,FALSE,FALSE,FALSE,FALSE,davidislearninghowtosendemails@gmail.com,davidislearninghowtosendemails@gmail.com,FALSE,9276,davidislearninghowtosendemails@gmail.com,
FALSE,FALSE,177,FALSE,FALSE,FALSE,FALSE,davidislearninghowtosendemails@gmail.com,davidislearninghowtosendemails@gmail.com,FALSE,9277,davidislearninghowtosendemails@gmail.com,
FALSE,FALSE,178,FALSE,FALSE,FALSE,FALSE,davidislearninghowtosendemails@gmail.com,davidislearninghowtosendemails@gmail.com,FALSE,9278,davidislearninghowtosendemails@gmail.com,
FALSE,FALSE,179,FALSE,FALSE,FALSE,FALSE,davidislearninghowtosendemails@gmail.com,davidislearninghowtosendemails@gmail.com,FALSE,9279,davidislearninghowtosendemails@gmail.com,
FALSE,FALSE,180,FALSE,FALSE,FALSE,FALSE,davidislearninghowtosendemails@gmail.com,davidislearninghowtosendemails@gmail.com,FALSE,9280,davidislearninghowtosendemails@gmail.com,
FALSE,FALSE,181,FALSE,FALSE,FALSE,FALSE,davidislearninghowtosendemails@gmail.com,davidislearninghowtosendemails@gmail.com,FALSE,9281,davidislearninghowtosendemails@gmail.com,
FALSE,FALSE,182,FALSE,FALSE,FALSE,FALSE,davidislearninghowtosendemails@gmail.com,davidislearninghowtosendemails@gmail.com,FALSE,9282,davidislearninghowtosendemails@gmail.com,
FALSE,FALSE,183,FALSE,FALSE,FALSE,FALSE,davidislearninghowtosendemails@gmail.com,davidislearninghowtosendemails@gmail.com,FALSE,9283,davidislearninghowtosendemails@gmail.com,
FALSE,FALSE,184,FALSE,FALSE,FALSE,FALSE,davidislearninghowtosendemails@gmail.com,davidislearninghowtosendemails@gmail.com,FALSE,9284,davidislearninghowtosendemails@gmail.com,
FALSE,FALSE,185,FALSE,FALSE,FALSE,FALSE,davidislearninghowtosendemails@gmail.com,davidislearninghowtosendemails@gmail.com,FALSE,9285,davidislearninghowtosendemails@gmail.com,
FALSE,FALSE,186,FALSE,FALSE,FALSE,FALSE,davidislearninghowtosendemails@gmail.com,davidislearninghowtosendemails@gmail.com,FALSE,9286,davidislearninghowtosendemails@gmail.com,
FALSE,FALSE,187,FALSE,FALSE,FALSE,FALSE,davidislearninghowtosendemails@gmail.com,davidislearninghowtosendemails@gmail.com,FALSE,9287,davidislearninghowtosendemails@gmail.com,
FALSE,FALSE,188,FALSE,FALSE,FALSE,FALSE,davidislearninghowtosendemails@gmail.com,davidislearninghowtosendemails@gmail.com,FALSE,9288,davidislearninghowtosendemails@gmail.com,
FALSE,FALSE,189,FALSE,FALSE,FALSE,FALSE,davidislearninghowtosendemails@gmail.com,davidislearninghowtosendemails@gmail.com,FALSE,9289,davidislearninghowtosendemails@gmail.com,
FALSE,FALSE,190,FALSE,FALSE,FALSE,FALSE,davidislearninghowtosendemails@gmail.com,davidislearninghowtosendemails@gmail.com,FALSE,9290,davidislearninghowtosendemails@gmail.com,
FALSE,FALSE,191,FALSE,FALSE,FALSE,FALSE,davidislearninghowtosendemails@gmail.com,davidislearninghowtosendemails@gmail.com,FALSE,9291,davidislearninghowtosendemails@gmail.com,
FALSE,FALSE,192,FALSE,FALSE,FALSE,FALSE,davidislearninghowtosendemails@gmail.com,davidislearninghowtosendemails@gmail.com,FALSE,9292,davidislearninghowtosendemails@gmail.com,
FALSE,FALSE,193,FALSE,FALSE,FALSE,FALSE,davidislearninghowtosendemails@gmail.com,davidislearninghowtosendemails@gmail.com,FALSE,9293,davidislearninghowtosendemails@gmail.com,
FALSE,FALSE,194,FALSE,FALSE,FALSE,FALSE,davidislearninghowtosendemails@gmail.com,davidislearninghowtosendemails@gmail.com,FALSE,9294,davidislearninghowtosendemails@gmail.com,
FALSE,FALSE,195,FALSE,FALSE,FALSE,FALSE,davidislearninghowtosendemails@gmail.com,davidislearninghowtosendemails@gmail.com,FALSE,9295,davidislearninghowtosendemails@gmail.com,
FALSE,FALSE,196,FALSE,FALSE,FALSE,FALSE,davidislearninghowtosendemails@gmail.com,davidislearninghowtosendemails@gmail.com,FALSE,9296,davidislearninghowtosendemails@gmail.com,
FALSE,FALSE,197,FALSE,FALSE,FALSE,FALSE,davidislearninghowtosendemails@gmail.com,davidislearninghowtosendemails@gmail.com,FALSE,9297,davidislearninghowtosendemails@gmail.com,
FALSE,FALSE,198,FALSE,FALSE,FALSE,FALSE,davidislearninghowtosendemails@gmail.com,davidislearninghowtosendemails@gmail.com,FALSE,9298,davidislearninghowtosendemails@gmail.com,
FALSE,FALSE,199,FALSE,FALSE,FALSE,FALSE,davidislearninghowtosendemails@gmail.com,davidislearninghowtosendemails@gmail.com,FALSE,9299,davidislearninghowtosendemails@gmail.com,
FALSE,FALSE,200,FALSE,FALSE,FALSE,FALSE,davidislearninghowtosendemails@gmail.com,davidislearninghowtosendemails@gmail.com,FALSE,9300,davidislearninghowtosendemails@gmail.com,
FALSE,FALSE,201,FALSE,FALSE,FALSE,FALSE,davidislearninghowtosendemails@gmail.com,davidislearninghowtosendemails@gmail.com,FALSE,9301,davidislearninghowtosendemails@gmail.com,
FALSE,FALSE,202,FALSE,FALSE,FALSE,FALSE,davidislearninghowtosendemails@gmail.com,davidislearninghowtosendemails@gmail.com,FALSE,9302,davidislearninghowtosendemails@gmail.com,
FALSE,FALSE,203,FALSE,FALSE,FALSE,FALSE,davidislearninghowtosendemails@gmail.com,davidislearninghowtosendemails@gmail.com,FALSE,9303,davidislearninghowtosendemails@gmail.com,
FALSE,FALSE,204,FALSE,FALSE,FALSE,FALSE,davidislearninghowtosendemails@gmail.com,davidislearninghowtosendemails@gmail.com,FALSE,9304,davidislearninghowtosendemails@gmail.com,
FALSE,FALSE,205,FALSE,FALSE,FALSE,FALSE,davidislearninghowtosendemails@gmail.com,davidislearninghowtosendemails@gmail.com,FALSE,9305,davidislearninghowtosendemails@gmail.com,
FALSE,FALSE,206,FALSE,FALSE,FALSE,FALSE,davidislearninghowtosendemails@gmail.com,davidislearninghowtosendemails@gmail.com,FALSE,9306,davidislearninghowtosendemails@gmail.com,
FALSE,FALSE,207,FALSE,FALSE,FALSE,FALSE,davidislearninghowtosendemails@gmail.com,davidislearninghowtosendemails@gmail.com,FALSE,9307,davidislearninghowtosendemails@gmail.com,
FALSE,FALSE,208,FALSE,FALSE,FALSE,FALSE,davidislearninghowtosendemails@gmail.com,davidislearninghowtosendemails@gmail.com,FALSE,9308,davidislearninghowtosendemails@gmail.com,
FALSE,FALSE,209,FALSE,FALSE,FALSE,FALSE,davidislearninghowtosendemails@gmail.com,davidislearninghowtosendemails@gmail.com,FALSE,9309,davidislearninghowtosendemails@gmail.com,
FALSE,FALSE,210,FALSE,FALSE,FALSE,FALSE,davidislearninghowtosendemails@gmail.com,davidislearninghowtosendemails@gmail.com,FALSE,9310,davidislearninghowtosendemails@gmail.com,
FALSE,FALSE,211,FALSE,FALSE,FALSE,FALSE,davidislearninghowtosendemails@gmail.com,davidislearninghowtosendemails@gmail.com,FALSE,9311,davidislearninghowtosendemails@gmail.com,
FALSE,FALSE,212,FALSE,FALSE,FALSE,FALSE,davidislearninghowtosendemails@gmail.com,davidislearninghowtosendemails@gmail.com,FALSE,9312,davidislearninghowtosendemails@gmail.com,
FALSE,FALSE,213,FALSE,FALSE,FALSE,FALSE,davidislearninghowtosendemails@gmail.com,davidislearninghowtosendemails@gmail.com,FALSE,9313,davidislearninghowtosendemails@gmail.com,
FALSE,FALSE,214,FALSE,FALSE,FALSE,FALSE,davidislearninghowtosendemails@gmail.com,davidislearninghowtosendemails@gmail.com,FALSE,9314,davidislearninghowtosendemails@gmail.com,
FALSE,FALSE,215,FALSE,FALSE,FALSE,FALSE,davidislearninghowtosendemails@gmail.com,davidislearninghowtosendemails@gmail.com,FALSE,9315,davidislearninghowtosendemails@gmail.com,
FALSE,FALSE,216,FALSE,FALSE,FALSE,FALSE,davidislearninghowtosendemails@gmail.com,davidislearninghowtosendemails@gmail.com,FALSE,9316,davidislearninghowtosendemails@gmail.com,
FALSE,FALSE,217,FALSE,FALSE,FALSE,FALSE,davidislearninghowtosendemails@gmail.com,davidislearninghowtosendemails@gmail.com,FALSE,9317,davidislearninghowtosendemails@gmail.com,
FALSE,FALSE,218,FALSE,FALSE,FALSE,FALSE,davidislearninghowtosendemails@gmail.com,davidislearninghowtosendemails@gmail.com,FALSE,9318,davidislearninghowtosendemails@gmail.com,
FALSE,FALSE,219,FALSE,FALSE,FALSE,FALSE,davidislearninghowtosendemails@gmail.com,davidislearninghowtosendemails@gmail.com,FALSE,9319,davidislearninghowtosendemails@gmail.com,
FALSE,FALSE,220,FALSE,FALSE,FALSE,FALSE,davidislearninghowtosendemails@gmail.com,davidislearninghowtosendemails@gmail.com,FALSE,9320,davidislearninghowtosendemails@gmail.com,
FALSE,FALSE,221,FALSE,FALSE,FALSE,FALSE,davidislearninghowtosendemails@gmail.com,davidislearninghowtosendemails@gmail.com,FALSE,9321,davidislearninghowtosendemails@gmail.com,
FALSE,FALSE,222,FALSE,FALSE,FALSE,FALSE,davidislearninghowtosendemails@gmail.com,davidislearninghowtosendemails@gmail.com,FALSE,9322,davidislearninghowtosendemails@gmail.com,
FALSE,FALSE,223,FALSE,FALSE,FALSE,FALSE,davidislearninghowtosendemails@gmail.com,davidislearninghowtosendemails@gmail.com,FALSE,9323,davidislearninghowtosendemails@gmail.com,
FALSE,FALSE,224,FALSE,FALSE,FALSE,FALSE,davidislearninghowtosendemails@gmail.com,davidislearninghowtosendemails@gmail.com,FALSE,9324,davidislearninghowtosendemails@gmail.com,
FALSE,FALSE,225,FALSE,FALSE,FALSE,FALSE,davidislearninghowtosendemails@gmail.com,davidislearninghowtosendemails@gmail.com,FALSE,9325,davidislearninghowtosendemails@gmail.com,
FALSE,FALSE,226,FALSE,FALSE,FALSE,FALSE,davidislearninghowtosendemails@gmail.com,davidislearninghowtosendemails@gmail.com,FALSE,9326,davidislearninghowtosendemails@gmail.com,
FALSE,FALSE,227,FALSE,FALSE,FALSE,FALSE,davidislearninghowtosendemails@gmail.com,davidislearninghowtosendemails@gmail.com,FALSE,9327,davidislearninghowtosendemails@gmail.com,
FALSE,FALSE,228,FALSE,FALSE,FALSE,FALSE,davidislearninghowtosendemails@gmail.com,davidislearninghowtosendemails@gmail.com,FALSE,9328,davidislearninghowtosendemails@gmail.com,
FALSE,FALSE,229,FALSE,FALSE,FALSE,FALSE,davidislearninghowtosendemails@gmail.com,davidislearninghowtosendemails@gmail.com,FALSE,9329,davidislearninghowtosendemails@gmail.com,
FALSE,FALSE,230,FALSE,FALSE,FALSE,FALSE,davidislearninghowtosendemails@gmail.com,davidislearninghowtosendemails@gmail.com,FALSE,9330,davidislearninghowtosendemails@gmail.com,
FALSE,FALSE,231,FALSE,FALSE,FALSE,FALSE,davidislearninghowtosendemails@gmail.com,davidislearninghowtosendemails@gmail.com,FALSE,9331,davidislearninghowtosendemails@gmail.com,
FALSE,FALSE,232,FALSE,FALSE,FALSE,FALSE,davidislearninghowtosendemails@gmail.com,davidislearninghowtosendemails@gmail.com,FALSE,9332,davidislearninghowtosendemails@gmail.com,
FALSE,FALSE,233,FALSE,FALSE,FALSE,FALSE,davidislearninghowtosendemails@gmail.com,davidislearninghowtosendemails@gmail.com,FALSE,9333,davidislearninghowtosendemails@gmail.com,
FALSE,FALSE,234,FALSE,FALSE,FALSE,FALSE,davidislearninghowtosendemails@gmail.com,davidislearninghowtosendemails@gmail.com,FALSE,9334,davidislearninghowtosendemails@gmail.com,
FALSE,FALSE,235,FALSE,FALSE,FALSE,FALSE,davidislearninghowtosendemails@gmail.com,davidislearninghowtosendemails@gmail.com,FALSE,9335,davidislearninghowtosendemails@gmail.com,
FALSE,FALSE,236,FALSE,FALSE,FALSE,FALSE,davidislearninghowtosendemails@gmail.com,davidislearninghowtosendemails@gmail.com,FALSE,9336,davidislearninghowtosendemails@gmail.com,
FALSE,FALSE,237,FALSE,FALSE,FALSE,FALSE,davidislearninghowtosendemails@gmail.com,davidislearninghowtosendemails@gmail.com,FALSE,9337,davidislearninghowtosendemails@gmail.com,
FALSE,FALSE,238,FALSE,FALSE,FALSE,FALSE,davidislearninghowtosendemails@gmail.com,davidislearninghowtosendemails@gmail.com,FALSE,9338,davidislearninghowtosendemails@gmail.com,
FALSE,FALSE,239,FALSE,FALSE,FALSE,FALSE,davidislearninghowtosendemails@gmail.com,davidislearninghowtosendemails@gmail.com,FALSE,9339,davidislearninghowtosendemails@gmail.com,
FALSE,FALSE,240,FALSE,FALSE,FALSE,FALSE,davidislearninghowtosendemails@gmail.com,davidislearninghowtosendemails@gmail.com,FALSE,9340,davidislearninghowtosendemails@gmail.com,
FALSE,FALSE,241,FALSE,FALSE,FALSE,FALSE,davidislearninghowtosendemails@gmail.com,davidislearninghowtosendemails@gmail.com,FALSE,9341,davidislearninghowtosendemails@gmail.com,
FALSE,FALSE,242,FALSE,FALSE,FALSE,FALSE,davidislearninghowtosendemails@gmail.com,davidislearninghowtosendemails@gmail.com,FALSE,9342,davidislearninghowtosendemails@gmail.com,
FALSE,FALSE,243,FALSE,FALSE,FALSE,FALSE,davidislearninghowtosendemails@gmail.com,davidislearninghowtosendemails@gmail.com,FALSE,9343,davidislearninghowtosendemails@gmail.com,
FALSE,FALSE,244,FALSE,FALSE,FALSE,FALSE,davidislearninghowtosendemails@gmail.com,davidislearninghowtosendemails@gmail.com,FALSE,9344,davidislearninghowtosendemails@gmail.com,
FALSE,FALSE,245,FALSE,FALSE,FALSE,FALSE,davidislearninghowtosendemails@gmail.com,davidislearninghowtosendemails@gmail.com,FALSE,9345,davidislearninghowtosendemails@gmail.com,
FALSE,FALSE,246,FALSE,FALSE,FALSE,FALSE,davidislearninghowtosendemails@gmail.com,davidislearninghowtosendemails@gmail.com,FALSE,9346,davidislearninghowtosendemails@gmail.com,
FALSE,FALSE,247,FALSE,FALSE,FALSE,FALSE,davidislearninghowtosendemails@gmail.com,davidislearninghowtosendemails@gmail.com,FALSE,9347,davidislearninghowtosendemails@gmail.com,
FALSE,FALSE,248,FALSE,FALSE,FALSE,FALSE,davidislearninghowtosendemails@gmail.com,davidislearninghowtosendemails@gmail.com,FALSE,9348,davidislearninghowtosendemails@gmail.com,
FALSE,FALSE,249,FALSE,FALSE,FALSE,FALSE,davidislearninghowtosendemails@gmail.com,davidislearninghowtosendemails@gmail.com,FALSE,9349,davidislearninghowtosendemails@gmail.com,
FALSE,FALSE,250,FALSE,FALSE,FALSE,FALSE,davidislearninghowtosendemails@gmail.com,davidislearninghowtosendemails@gmail.com,FALSE,9350,davidislearninghowtosendemails@gmail.com,
FALSE,FALSE,251,FALSE,FALSE,FALSE,FALSE,davidislearninghowtosendemails@gmail.com,davidislearninghowtosendemails@gmail.com,FALSE,9351,davidislearninghowtosendemails@gmail.com,
FALSE,FALSE,252,FALSE,FALSE,FALSE,FALSE,davidislearninghowtosendemails@gmail.com,davidislearninghowtosendemails@gmail.com,FALSE,9352,davidislearninghowtosendemails@gmail.com,
FALSE,FALSE,253,FALSE,FALSE,FALSE,FALSE,davidislearninghowtosendemails@gmail.com,davidislearninghowtosendemails@gmail.com,FALSE,9353,davidislearninghowtosendemails@gmail.com,
FALSE,FALSE,254,FALSE,FALSE,FALSE,FALSE,davidislearninghowtosendemails@gmail.com,davidislearninghowtosendemails@gmail.com,FALSE,9354,davidislearninghowtosendemails@gmail.com,
FALSE,FALSE,255,FALSE,FALSE,FALSE,FALSE,davidislearninghowtosendemails@gmail.com,davidislearninghowtosendemails@gmail.com,FALSE,9355,davidislearninghowtosendemails@gmail.com,
FALSE,FALSE,256,FALSE,FALSE,FALSE,FALSE,davidislearninghowtosendemails@gmail.com,davidislearninghowtosendemails@gmail.com,FALSE,9356,davidislearninghowtosendemails@gmail.com,
FALSE,FALSE,257,FALSE,FALSE,FALSE,FALSE,davidislearninghowtosendemails@gmail.com,davidislearninghowtosendemails@gmail.com,FALSE,9357,davidislearninghowtosendemails@gmail.com,
FALSE,FALSE,258,FALSE,FALSE,FALSE,FALSE,davidislearninghowtosendemails@gmail.com,davidislearninghowtosendemails@gmail.com,FALSE,9358,davidislearninghowtosendemails@gmail.com,
FALSE,FALSE,259,FALSE,FALSE,FALSE,FALSE,davidislearninghowtosendemails@gmail.com,davidislearninghowtosendemails@gmail.com,FALSE,9359,davidislearninghowtosendemails@gmail.com,
FALSE,FALSE,260,FALSE,FALSE,FALSE,FALSE,davidislearninghowtosendemails@gmail.com,davidislearninghowtosendemails@gmail.com,FALSE,9360,davidislearninghowtosendemails@gmail.com,
FALSE,FALSE,261,FALSE,FALSE,FALSE,FALSE,davidislearninghowtosendemails@gmail.com,davidislearninghowtosendemails@gmail.com,FALSE,9361,davidislearninghowtosendemails@gmail.com,
FALSE,FALSE,262,FALSE,FALSE,FALSE,FALSE,davidislearninghowtosendemails@gmail.com,davidislearninghowtosendemails@gmail.com,FALSE,9362,davidislearninghowtosendemails@gmail.com,
FALSE,FALSE,263,FALSE,FALSE,FALSE,FALSE,davidislearninghowtosendemails@gmail.com,davidislearninghowtosendemails@gmail.com,FALSE,9363,davidislearninghowtosendemails@gmail.com,
FALSE,FALSE,264,FALSE,FALSE,FALSE,FALSE,davidislearninghowtosendemails@gmail.com,davidislearninghowtosendemails@gmail.com,FALSE,9364,davidislearninghowtosendemails@gmail.com,
FALSE,FALSE,265,FALSE,FALSE,FALSE,FALSE,davidislearninghowtosendemails@gmail.com,davidislearninghowtosendemails@gmail.com,FALSE,9365,davidislearninghowtosendemails@gmail.com,
FALSE,FALSE,266,FALSE,FALSE,FALSE,FALSE,davidislearninghowtosendemails@gmail.com,davidislearninghowtosendemails@gmail.com,FALSE,9366,davidislearninghowtosendemails@gmail.com,
FALSE,FALSE,267,FALSE,FALSE,FALSE,FALSE,davidislearninghowtosendemails@gmail.com,davidislearninghowtosendemails@gmail.com,FALSE,9367,davidislearninghowtosendemails@gmail.com,
FALSE,FALSE,268,FALSE,FALSE,FALSE,FALSE,davidislearninghowtosendemails@gmail.com,davidislearninghowtosendemails@gmail.com,FALSE,9368,davidislearninghowtosendemails@gmail.com,
FALSE,FALSE,269,FALSE,FALSE,FALSE,FALSE,davidislearninghowtosendemails@gmail.com,davidislearninghowtosendemails@gmail.com,FALSE,9369,davidislearninghowtosendemails@gmail.com,
FALSE,FALSE,270,FALSE,FALSE,FALSE,FALSE,davidislearninghowtosendemails@gmail.com,davidislearninghowtosendemails@gmail.com,FALSE,9370,davidislearninghowtosendemails@gmail.com,
FALSE,FALSE,271,FALSE,FALSE,FALSE,FALSE,davidislearninghowtosendemails@gmail.com,davidislearninghowtosendemails@gmail.com,FALSE,9371,davidislearninghowtosendemails@gmail.com,
FALSE,FALSE,272,FALSE,FALSE,FALSE,FALSE,davidislearninghowtosendemails@gmail.com,davidislearninghowtosendemails@gmail.com,FALSE,9372,davidislearninghowtosendemails@gmail.com,
FALSE,FALSE,273,FALSE,FALSE,FALSE,FALSE,davidislearninghowtosendemails@gmail.com,davidislearninghowtosendemails@gmail.com,FALSE,9373,davidislearninghowtosendemails@gmail.com,
FALSE,FALSE,274,FALSE,FALSE,FALSE,FALSE,davidislearninghowtosendemails@gmail.com,davidislearninghowtosendemails@gmail.com,FALSE,9374,davidislearninghowtosendemails@gmail.com,
FALSE,FALSE,275,FALSE,FALSE,FALSE,FALSE,davidislearninghowtosendemails@gmail.com,davidislearninghowtosendemails@gmail.com,FALSE,9375,davidislearninghowtosendemails@gmail.com,
FALSE,FALSE,276,FALSE,FALSE,FALSE,FALSE,davidislearninghowtosendemails@gmail.com,davidislearninghowtosendemails@gmail.com,FALSE,9376,davidislearninghowtosendemails@gmail.com,
FALSE,FALSE,277,FALSE,FALSE,FALSE,FALSE,davidislearninghowtosendemails@gmail.com,davidislearninghowtosendemails@gmail.com,FALSE,9377,davidislearninghowtosendemails@gmail.com,
FALSE,FALSE,278,FALSE,FALSE,FALSE,FALSE,davidislearninghowtosendemails@gmail.com,davidislearninghowtosendemails@gmail.com,FALSE,9378,davidislearninghowtosendemails@gmail.com,
FALSE,FALSE,279,FALSE,FALSE,FALSE,FALSE,davidislearninghowtosendemails@gmail.com,davidislearninghowtosendemails@gmail.com,FALSE,9379,davidislearninghowtosendemails@gmail.com,
FALSE,FALSE,280,FALSE,FALSE,FALSE,FALSE,davidislearninghowtosendemails@gmail.com,davidislearninghowtosendemails@gmail.com,FALSE,9380,davidislearninghowtosendemails@gmail.com,
FALSE,FALSE,281,FALSE,FALSE,FALSE,FALSE,davidislearninghowtosendemails@gmail.com,davidislearninghowtosendemails@gmail.com,FALSE,9381,davidislearninghowtosendemails@gmail.com,
FALSE,FALSE,282,FALSE,FALSE,FALSE,FALSE,davidislearninghowtosendemails@gmail.com,davidislearninghowtosendemails@gmail.com,FALSE,9382,davidislearninghowtosendemails@gmail.com,
FALSE,FALSE,283,FALSE,FALSE,FALSE,FALSE,davidislearninghowtosendemails@gmail.com,davidislearninghowtosendemails@gmail.com,FALSE,9383,davidislearninghowtosendemails@gmail.com,
FALSE,FALSE,284,FALSE,FALSE,FALSE,FALSE,davidislearninghowtosendemails@gmail.com,davidislearninghowtosendemails@gmail.com,FALSE,9384,davidislearninghowtosendemails@gmail.com,
FALSE,FALSE,285,FALSE,FALSE,FALSE,FALSE,davidislearninghowtosendemails@gmail.com,davidislearninghowtosendemails@gmail.com,FALSE,9385,davidislearninghowtosendemails@gmail.com,
FALSE,FALSE,286,FALSE,FALSE,FALSE,FALSE,davidislearninghowtosendemails@gmail.com,davidislearninghowtosendemails@gmail.com,FALSE,9386,davidislearninghowtosendemails@gmail.com,
FALSE,FALSE,287,FALSE,FALSE,FALSE,FALSE,davidislearninghowtosendemails@gmail.com,davidislearninghowtosendemails@gmail.com,FALSE,9387,davidislearninghowtosendemails@gmail.com,
FALSE,FALSE,288,FALSE,FALSE,FALSE,FALSE,davidislearninghowtosendemails@gmail.com,davidislearninghowtosendemails@gmail.com,FALSE,9388,davidislearninghowtosendemails@gmail.com,
FALSE,FALSE,289,FALSE,FALSE,FALSE,FALSE,davidislearninghowtosendemails@gmail.com,davidislearninghowtosendemails@gmail.com,FALSE,9389,davidislearninghowtosendemails@gmail.com,
FALSE,FALSE,290,FALSE,FALSE,FALSE,FALSE,davidislearninghowtosendemails@gmail.com,davidislearninghowtosendemails@gmail.com,FALSE,9390,davidislearninghowtosendemails@gmail.com,
FALSE,FALSE,291,FALSE,FALSE,FALSE,FALSE,davidislearninghowtosendemails@gmail.com,davidislearninghowtosendemails@gmail.com,FALSE,9391,davidislearninghowtosendemails@gmail.com,
FALSE,FALSE,292,FALSE,FALSE,FALSE,FALSE,davidislearninghowtosendemails@gmail.com,davidislearninghowtosendemails@gmail.com,FALSE,9392,davidislearninghowtosendemails@gmail.com,
FALSE,FALSE,293,FALSE,FALSE,FALSE,FALSE,davidislearninghowtosendemails@gmail.com,davidislearninghowtosendemails@gmail.com,FALSE,9393,davidislearninghowtosendemails@gmail.com,
FALSE,FALSE,294,FALSE,FALSE,FALSE,FALSE,davidislearninghowtosendemails@gmail.com,davidislearninghowtosendemails@gmail.com,FALSE,9394,davidislearninghowtosendemails@gmail.com,
FALSE,FALSE,295,FALSE,FALSE,FALSE,FALSE,davidislearninghowtosendemails@gmail.com,davidislearninghowtosendemails@gmail.com,FALSE,9395,davidislearninghowtosendemails@gmail.com,
FALSE,FALSE,296,FALSE,FALSE,FALSE,FALSE,davidislearninghowtosendemails@gmail.com,davidislearninghowtosendemails@gmail.com,FALSE,9396,davidislearninghowtosendemails@gmail.com,
FALSE,FALSE,297,FALSE,FALSE,FALSE,FALSE,davidislearninghowtosendemails@gmail.com,davidislearninghowtosendemails@gmail.com,FALSE,9397,davidislearninghowtosendemails@gmail.com,
FALSE,FALSE,298,FALSE,FALSE,FALSE,FALSE,davidislearninghowtosendemails@gmail.com,davidislearninghowtosendemails@gmail.com,FALSE,9398,davidislearninghowtosendemails@gmail.com,
FALSE,FALSE,299,FALSE,FALSE,FALSE,FALSE,davidislearninghowtosendemails@gmail.com,davidislearninghowtosendemails@gmail.com,FALSE,9399,davidislearninghowtosendemails@gmail.com,
FALSE,FALSE,300,FALSE,FALSE,FALSE,FALSE,davidislearninghowtosendemails@gmail.com,davidislearninghowtosendemails@gmail.com,FALSE,9400,davidislearninghowtosendemails@gmail.com,
FALSE,FALSE,301,FALSE,FALSE,FALSE,FALSE,davidislearninghowtosendemails@gmail.com,davidislearninghowtosendemails@gmail.com,FALSE,9401,davidislearninghowtosendemails@gmail.com,
FALSE,FALSE,302,FALSE,FALSE,FALSE,FALSE,davidislearninghowtosendemails@gmail.com,davidislearninghowtosendemails@gmail.com,FALSE,9402,davidislearninghowtosendemails@gmail.com,
FALSE,FALSE,303,FALSE,FALSE,FALSE,FALSE,davidislearninghowtosendemails@gmail.com,davidislearninghowtosendemails@gmail.com,FALSE,9403,davidislearninghowtosendemails@gmail.com,
FALSE,FALSE,304,FALSE,FALSE,FALSE,FALSE,davidislearninghowtosendemails@gmail.com,davidislearninghowtosendemails@gmail.com,FALSE,9404,davidislearninghowtosendemails@gmail.com,
FALSE,FALSE,305,FALSE,FALSE,FALSE,FALSE,davidislearninghowtosendemails@gmail.com,davidislearninghowtosendemails@gmail.com,FALSE,9405,davidislearninghowtosendemails@gmail.com,
FALSE,FALSE,306,FALSE,FALSE,FALSE,FALSE,davidislearninghowtosendemails@gmail.com,davidislearninghowtosendemails@gmail.com,FALSE,9406,davidislearninghowtosendemails@gmail.com,
FALSE,FALSE,307,FALSE,FALSE,FALSE,FALSE,davidislearninghowtosendemails@gmail.com,davidislearninghowtosendemails@gmail.com,FALSE,9407,davidislearninghowtosendemails@gmail.com,
FALSE,FALSE,308,FALSE,FALSE,FALSE,FALSE,davidislearninghowtosendemails@gmail.com,davidislearninghowtosendemails@gmail.com,FALSE,9408,davidislearninghowtosendemails@gmail.com,
FALSE,FALSE,309,FALSE,FALSE,FALSE,FALSE,davidislearninghowtosendemails@gmail.com,davidislearninghowtosendemails@gmail.com,FALSE,9409,davidislearninghowtosendemails@gmail.com,
FALSE,FALSE,310,FALSE,FALSE,FALSE,FALSE,davidislearninghowtosendemails@gmail.com,davidislearninghowtosendemails@gmail.com,FALSE,9410,davidislearninghowtosendemails@gmail.com,
FALSE,FALSE,311,FALSE,FALSE,FALSE,FALSE,davidislearninghowtosendemails@gmail.com,davidislearninghowtosendemails@gmail.com,FALSE,9411,davidislearninghowtosendemails@gmail.com,
FALSE,FALSE,312,FALSE,FALSE,FALSE,FALSE,davidislearninghowtosendemails@gmail.com,davidislearninghowtosendemails@gmail.com,FALSE,9412,davidislearninghowtosendemails@gmail.com,
FALSE,FALSE,313,FALSE,FALSE,FALSE,FALSE,davidislearninghowtosendemails@gmail.com,davidislearninghowtosendemails@gmail.com,FALSE,9413,davidislearninghowtosendemails@gmail.com,
FALSE,FALSE,314,FALSE,FALSE,FALSE,FALSE,davidislearninghowtosendemails@gmail.com,davidislearninghowtosendemails@gmail.com,FALSE,9414,davidislearninghowtosendemails@gmail.com,
FALSE,FALSE,315,FALSE,FALSE,FALSE,FALSE,davidislearninghowtosendemails@gmail.com,davidislearninghowtosendemails@gmail.com,FALSE,9415,davidislearninghowtosendemails@gmail.com,
FALSE,FALSE,316,FALSE,FALSE,FALSE,FALSE,davidislearninghowtosendemails@gmail.com,davidislearninghowtosendemails@gmail.com,FALSE,9416,davidislearninghowtosendemails@gmail.com,
FALSE,FALSE,317,FALSE,FALSE,FALSE,FALSE,davidislearninghowtosendemails@gmail.com,davidislearninghowtosendemails@gmail.com,FALSE,9417,davidislearninghowtosendemails@gmail.com,
FALSE,FALSE,318,FALSE,FALSE,FALSE,FALSE,davidislearninghowtosendemails@gmail.com,davidislearninghowtosendemails@gmail.com,FALSE,9418,davidislearninghowtosendemails@gmail.com,
FALSE,FALSE,319,FALSE,FALSE,FALSE,FALSE,davidislearninghowtosendemails@gmail.com,davidislearninghowtosendemails@gmail.com,FALSE,9419,davidislearninghowtosendemails@gmail.com,
FALSE,FALSE,320,FALSE,FALSE,FALSE,FALSE,davidislearninghowtosendemails@gmail.com,davidislearninghowtosendemails@gmail.com,FALSE,9420,davidislearninghowtosendemails@gmail.com,
FALSE,FALSE,321,FALSE,FALSE,FALSE,FALSE,davidislearninghowtosendemails@gmail.com,davidislearninghowtosendemails@gmail.com,FALSE,9421,davidislearninghowtosendemails@gmail.com,
FALSE,FALSE,322,FALSE,FALSE,FALSE,FALSE,davidislearninghowtosendemails@gmail.com,davidislearninghowtosendemails@gmail.com,FALSE,9422,davidislearninghowtosendemails@gmail.com,
FALSE,FALSE,323,FALSE,FALSE,FALSE,FALSE,davidislearninghowtosendemails@gmail.com,davidislearninghowtosendemails@gmail.com,FALSE,9423,davidislearninghowtosendemails@gmail.com,
FALSE,FALSE,324,FALSE,FALSE,FALSE,FALSE,davidislearninghowtosendemails@gmail.com,davidislearninghowtosendemails@gmail.com,FALSE,9424,davidislearninghowtosendemails@gmail.com,
FALSE,FALSE,325,FALSE,FALSE,FALSE,FALSE,davidislearninghowtosendemails@gmail.com,davidislearninghowtosendemails@gmail.com,FALSE,9425,davidislearninghowtosendemails@gmail.com,
FALSE,FALSE,326,FALSE,FALSE,FALSE,FALSE,davidislearninghowtosendemails@gmail.com,davidislearninghowtosendemails@gmail.com,FALSE,9426,davidislearninghowtosendemails@gmail.com,
FALSE,FALSE,327,FALSE,FALSE,FALSE,FALSE,davidislearninghowtosendemails@gmail.com,davidislearninghowtosendemails@gmail.com,FALSE,9427,davidislearninghowtosendemails@gmail.com,
FALSE,FALSE,328,FALSE,FALSE,FALSE,FALSE,davidislearninghowtosendemails@gmail.com,davidislearninghowtosendemails@gmail.com,FALSE,9428,davidislearninghowtosendemails@gmail.com,
FALSE,FALSE,329,FALSE,FALSE,FALSE,FALSE,davidislearninghowtosendemails@gmail.com,davidislearninghowtosendemails@gmail.com,FALSE,9429,davidislearninghowtosendemails@gmail.com,
FALSE,FALSE,330,FALSE,FALSE,FALSE,FALSE,davidislearninghowtosendemails@gmail.com,davidislearninghowtosendemails@gmail.com,FALSE,9430,davidislearninghowtosendemails@gmail.com,
FALSE,FALSE,331,FALSE,FALSE,FALSE,FALSE,davidislearninghowtosendemails@gmail.com,davidislearninghowtosendemails@gmail.com,FALSE,9431,davidislearninghowtosendemails@gmail.com,
FALSE,FALSE,332,FALSE,FALSE,FALSE,FALSE,davidislearninghowtosendemails@gmail.com,davidislearninghowtosendemails@gmail.com,FALSE,9432,davidislearninghowtosendemails@gmail.com,
FALSE,FALSE,333,FALSE,FALSE,FALSE,FALSE,davidislearninghowtosendemails@gmail.com,davidislearninghowtosendemails@gmail.com,FALSE,9433,davidislearninghowtosendemails@gmail.com,
FALSE,FALSE,334,FALSE,FALSE,FALSE,FALSE,davidislearninghowtosendemails@gmail.com,davidislearninghowtosendemails@gmail.com,FALSE,9434,davidislearninghowtosendemails@gmail.com,
FALSE,FALSE,335,FALSE,FALSE,FALSE,FALSE,davidislearninghowtosendemails@gmail.com,davidislearninghowtosendemails@gmail.com,FALSE,9435,davidislearninghowtosendemails@gmail.com,
FALSE,FALSE,336,FALSE,FALSE,FALSE,FALSE,davidislearninghowtosendemails@gmail.com,davidislearninghowtosendemails@gmail.com,FALSE,9436,davidislearninghowtosendemails@gmail.com,
FALSE,FALSE,337,FALSE,FALSE,FALSE,FALSE,davidislearninghowtosendemails@gmail.com,davidislearninghowtosendemails@gmail.com,FALSE,9437,davidislearninghowtosendemails@gmail.com,
FALSE,FALSE,338,FALSE,FALSE,FALSE,FALSE,davidislearninghowtosendemails@gmail.com,davidislearninghowtosendemails@gmail.com,FALSE,9438,davidislearninghowtosendemails@gmail.com,
FALSE,FALSE,339,FALSE,FALSE,FALSE,FALSE,davidislearninghowtosendemails@gmail.com,davidislearninghowtosendemails@gmail.com,FALSE,9439,davidislearninghowtosendemails@gmail.com,
FALSE,FALSE,340,FALSE,FALSE,FALSE,FALSE,davidislearninghowtosendemails@gmail.com,davidislearninghowtosendemails@gmail.com,FALSE,9440,davidislearninghowtosendemails@gmail.com,
FALSE,FALSE,341,FALSE,FALSE,FALSE,FALSE,davidislearninghowtosendemails@gmail.com,davidislearninghowtosendemails@gmail.com,FALSE,9441,davidislearninghowtosendemails@gmail.com,
FALSE,FALSE,342,FALSE,FALSE,FALSE,FALSE,davidislearninghowtosendemails@gmail.com,davidislearninghowtosendemails@gmail.com,FALSE,9442,davidislearninghowtosendemails@gmail.com,
FALSE,FALSE,343,FALSE,FALSE,FALSE,FALSE,davidislearninghowtosendemails@gmail.com,davidislearninghowtosendemails@gmail.com,FALSE,9443,davidislearninghowtosendemails@gmail.com,
FALSE,FALSE,344,FALSE,FALSE,FALSE,FALSE,davidislearninghowtosendemails@gmail.com,davidislearninghowtosendemails@gmail.com,FALSE,9444,davidislearninghowtosendemails@gmail.com,
FALSE,FALSE,345,FALSE,FALSE,FALSE,FALSE,davidislearninghowtosendemails@gmail.com,davidislearninghowtosendemails@gmail.com,FALSE,9445,davidislearninghowtosendemails@gmail.com,
FALSE,FALSE,346,FALSE,FALSE,FALSE,FALSE,davidislearninghowtosendemails@gmail.com,davidislearninghowtosendemails@gmail.com,FALSE,9446,davidislearninghowtosendemails@gmail.com,
FALSE,FALSE,347,FALSE,FALSE,FALSE,FALSE,davidislearninghowtosendemails@gmail.com,davidislearninghowtosendemails@gmail.com,FALSE,9447,davidislearninghowtosendemails@gmail.com,
FALSE,FALSE,348,FALSE,FALSE,FALSE,FALSE,davidislearninghowtosendemails@gmail.com,davidislearninghowtosendemails@gmail.com,FALSE,9448,davidislearninghowtosendemails@gmail.com,
FALSE,FALSE,349,FALSE,FALSE,FALSE,FALSE,davidislearninghowtosendemails@gmail.com,davidislearninghowtosendemails@gmail.com,FALSE,9449,davidislearninghowtosendemails@gmail.com,
FALSE,FALSE,350,FALSE,FALSE,FALSE,FALSE,davidislearninghowtosendemails@gmail.com,davidislearninghowtosendemails@gmail.com,FALSE,9450,davidislearninghowtosendemails@gmail.com,
FALSE,FALSE,351,FALSE,FALSE,FALSE,FALSE,davidislearninghowtosendemails@gmail.com,davidislearninghowtosendemails@gmail.com,FALSE,9451,davidislearninghowtosendemails@gmail.com,
FALSE,FALSE,352,FALSE,FALSE,FALSE,FALSE,davidislearninghowtosendemails@gmail.com,davidislearninghowtosendemails@gmail.com,FALSE,9452,davidislearninghowtosendemails@gmail.com,
FALSE,FALSE,353,FALSE,FALSE,FALSE,FALSE,davidislearninghowtosendemails@gmail.com,davidislearninghowtosendemails@gmail.com,FALSE,9453,davidislearninghowtosendemails@gmail.com,
FALSE,FALSE,354,FALSE,FALSE,FALSE,FALSE,davidislearninghowtosendemails@gmail.com,davidislearninghowtosendemails@gmail.com,FALSE,9454,davidislearninghowtosendemails@gmail.com,
FALSE,FALSE,355,FALSE,FALSE,FALSE,FALSE,davidislearninghowtosendemails@gmail.com,davidislearninghowtosendemails@gmail.com,FALSE,9455,davidislearninghowtosendemails@gmail.com,
FALSE,FALSE,356,FALSE,FALSE,FALSE,FALSE,davidislearninghowtosendemails@gmail.com,davidislearninghowtosendemails@gmail.com,FALSE,9456,davidislearninghowtosendemails@gmail.com,
FALSE,FALSE,357,FALSE,FALSE,FALSE,FALSE,davidislearninghowtosendemails@gmail.com,davidislearninghowtosendemails@gmail.com,FALSE,9457,davidislearninghowtosendemails@gmail.com,
FALSE,FALSE,358,FALSE,FALSE,FALSE,FALSE,davidislearninghowtosendemails@gmail.com,davidislearninghowtosendemails@gmail.com,FALSE,9458,davidislearninghowtosendemails@gmail.com,
FALSE,FALSE,359,FALSE,FALSE,FALSE,FALSE,davidislearninghowtosendemails@gmail.com,davidislearninghowtosendemails@gmail.com,FALSE,9459,davidislearninghowtosendemails@gmail.com,
FALSE,FALSE,360,FALSE,FALSE,FALSE,FALSE,davidislearninghowtosendemails@gmail.com,davidislearninghowtosendemails@gmail.com,FALSE,9460,davidislearninghowtosendemails@gmail.com,
FALSE,FALSE,361,FALSE,FALSE,FALSE,FALSE,davidislearninghowtosendemails@gmail.com,davidislearninghowtosendemails@gmail.com,FALSE,9461,davidislearninghowtosendemails@gmail.com,
FALSE,FALSE,362,FALSE,FALSE,FALSE,FALSE,davidislearninghowtosendemails@gmail.com,davidislearninghowtosendemails@gmail.com,FALSE,9462,davidislearninghowtosendemails@gmail.com,
FALSE,FALSE,363,FALSE,FALSE,FALSE,FALSE,davidislearninghowtosendemails@gmail.com,davidislearninghowtosendemails@gmail.com,FALSE,9463,davidislearninghowtosendemails@gmail.com,
FALSE,FALSE,364,FALSE,FALSE,FALSE,FALSE,davidislearninghowtosendemails@gmail.com,davidislearninghowtosendemails@gmail.com,FALSE,9464,davidislearninghowtosendemails@gmail.com,
FALSE,FALSE,365,FALSE,FALSE,FALSE,FALSE,davidislearninghowtosendemails@gmail.com,davidislearninghowtosendemails@gmail.com,FALSE,9465,davidislearninghowtosendemails@gmail.com,
FALSE,FALSE,366,FALSE,FALSE,FALSE,FALSE,davidislearninghowtosendemails@gmail.com,davidislearninghowtosendemails@gmail.com,FALSE,9466,davidislearninghowtosendemails@gmail.com,
FALSE,FALSE,367,FALSE,FALSE,FALSE,FALSE,davidislearninghowtosendemails@gmail.com,davidislearninghowtosendemails@gmail.com,FALSE,9467,davidislearninghowtosendemails@gmail.com,
FALSE,FALSE,368,FALSE,FALSE,FALSE,FALSE,davidislearninghowtosendemails@gmail.com,davidislearninghowtosendemails@gmail.com,FALSE,9468,davidislearninghowtosendemails@gmail.com,
FALSE,FALSE,369,FALSE,FALSE,FALSE,FALSE,davidislearninghowtosendemails@gmail.com,davidislearninghowtosendemails@gmail.com,FALSE,9469,davidislearninghowtosendemails@gmail.com,
FALSE,FALSE,370,FALSE,FALSE,FALSE,FALSE,davidislearninghowtosendemails@gmail.com,davidislearninghowtosendemails@gmail.com,FALSE,9470,davidislearninghowtosendemails@gmail.com,
FALSE,FALSE,371,FALSE,FALSE,FALSE,FALSE,davidislearninghowtosendemails@gmail.com,davidislearninghowtosendemails@gmail.com,FALSE,9471,davidislearninghowtosendemails@gmail.com,
FALSE,FALSE,372,FALSE,FALSE,FALSE,FALSE,davidislearninghowtosendemails@gmail.com,davidislearninghowtosendemails@gmail.com,FALSE,9472,davidislearninghowtosendemails@gmail.com,
FALSE,FALSE,373,FALSE,FALSE,FALSE,FALSE,davidislearninghowtosendemails@gmail.com,davidislearninghowtosendemails@gmail.com,FALSE,9473,davidislearninghowtosendemails@gmail.com,
FALSE,FALSE,374,FALSE,FALSE,FALSE,FALSE,davidislearninghowtosendemails@gmail.com,davidislearninghowtosendemails@gmail.com,FALSE,9474,davidislearninghowtosendemails@gmail.com,
FALSE,FALSE,375,FALSE,FALSE,FALSE,FALSE,davidislearninghowtosendemails@gmail.com,davidislearninghowtosendemails@gmail.com,FALSE,9475,davidislearninghowtosendemails@gmail.com,
FALSE,FALSE,376,FALSE,FALSE,FALSE,FALSE,davidislearninghowtosendemails@gmail.com,davidislearninghowtosendemails@gmail.com,FALSE,9476,davidislearninghowtosendemails@gmail.com,
FALSE,FALSE,377,FALSE,FALSE,FALSE,FALSE,davidislearninghowtosendemails@gmail.com,davidislearninghowtosendemails@gmail.com,FALSE,9477,davidislearninghowtosendemails@gmail.com,
FALSE,FALSE,378,FALSE,FALSE,FALSE,FALSE,davidislearninghowtosendemails@gmail.com,davidislearninghowtosendemails@gmail.com,FALSE,9478,davidislearninghowtosendemails@gmail.com,
FALSE,FALSE,379,FALSE,FALSE,FALSE,FALSE,davidislearninghowtosendemails@gmail.com,davidislearninghowtosendemails@gmail.com,FALSE,9479,davidislearninghowtosendemails@gmail.com,
FALSE,FALSE,380,FALSE,FALSE,FALSE,FALSE,davidislearninghowtosendemails@gmail.com,davidislearninghowtosendemails@gmail.com,FALSE,9480,davidislearninghowtosendemails@gmail.com,
FALSE,FALSE,381,FALSE,FALSE,FALSE,FALSE,davidislearninghowtosendemails@gmail.com,davidislearninghowtosendemails@gmail.com,FALSE,9481,davidislearninghowtosendemails@gmail.com,
FALSE,FALSE,382,FALSE,FALSE,FALSE,FALSE,davidislearninghowtosendemails@gmail.com,davidislearninghowtosendemails@gmail.com,FALSE,9482,davidislearninghowtosendemails@gmail.com,
FALSE,FALSE,383,FALSE,FALSE,FALSE,FALSE,davidislearninghowtosendemails@gmail.com,davidislearninghowtosendemails@gmail.com,FALSE,9483,davidislearninghowtosendemails@gmail.com,
FALSE,FALSE,384,FALSE,FALSE,FALSE,FALSE,davidislearninghowtosendemails@gmail.com,davidislearninghowtosendemails@gmail.com,FALSE,9484,davidislearninghowtosendemails@gmail.com,
FALSE,FALSE,385,FALSE,FALSE,FALSE,FALSE,davidislearninghowtosendemails@gmail.com,davidislearninghowtosendemails@gmail.com,FALSE,9485,davidislearninghowtosendemails@gmail.com,
FALSE,FALSE,386,FALSE,FALSE,FALSE,FALSE,davidislearninghowtosendemails@gmail.com,davidislearninghowtosendemails@gmail.com,FALSE,9486,davidislearninghowtosendemails@gmail.com,
FALSE,FALSE,387,FALSE,FALSE,FALSE,FALSE,davidislearninghowtosendemails@gmail.com,davidislearninghowtosendemails@gmail.com,FALSE,9487,davidislearninghowtosendemails@gmail.com,
FALSE,FALSE,388,FALSE,FALSE,FALSE,FALSE,davidislearninghowtosendemails@gmail.com,davidislearninghowtosendemails@gmail.com,FALSE,9488,davidislearninghowtosendemails@gmail.com,
FALSE,FALSE,389,FALSE,FALSE,FALSE,FALSE,davidislearninghowtosendemails@gmail.com,davidislearninghowtosendemails@gmail.com,FALSE,9489,davidislearninghowtosendemails@gmail.com,
FALSE,FALSE,390,FALSE,FALSE,FALSE,FALSE,davidislearninghowtosendemails@gmail.com,davidislearninghowtosendemails@gmail.com,FALSE,9490,davidislearninghowtosendemails@gmail.com,
FALSE,FALSE,391,FALSE,FALSE,FALSE,FALSE,davidislearninghowtosendemails@gmail.com,davidislearninghowtosendemails@gmail.com,FALSE,9491,davidislearninghowtosendemails@gmail.com,
FALSE,FALSE,392,FALSE,FALSE,FALSE,FALSE,davidislearninghowtosendemails@gmail.com,davidislearninghowtosendemails@gmail.com,FALSE,9492,davidislearninghowtosendemails@gmail.com,
FALSE,FALSE,393,FALSE,FALSE,FALSE,FALSE,davidislearninghowtosendemails@gmail.com,davidislearninghowtosendemails@gmail.com,FALSE,9493,davidislearninghowtosendemails@gmail.com,
FALSE,FALSE,394,FALSE,FALSE,FALSE,FALSE,davidislearninghowtosendemails@gmail.com,davidislearninghowtosendemails@gmail.com,FALSE,9494,davidislearninghowtosendemails@gmail.com,
FALSE,FALSE,395,FALSE,FALSE,FALSE,FALSE,davidislearninghowtosendemails@gmail.com,davidislearninghowtosendemails@gmail.com,FALSE,9495,davidislearninghowtosendemails@gmail.com,
FALSE,FALSE,396,FALSE,FALSE,FALSE,FALSE,davidislearninghowtosendemails@gmail.com,davidislearninghowtosendemails@gmail.com,FALSE,9496,davidislearninghowtosendemails@gmail.com,
FALSE,FALSE,397,FALSE,FALSE,FALSE,FALSE,davidislearninghowtosendemails@gmail.com,davidislearninghowtosendemails@gmail.com,FALSE,9497,davidislearninghowtosendemails@gmail.com,
FALSE,FALSE,398,FALSE,FALSE,FALSE,FALSE,davidislearninghowtosendemails@gmail.com,davidislearninghowtosendemails@gmail.com,FALSE,9498,davidislearninghowtosendemails@gmail.com,
FALSE,FALSE,399,FALSE,FALSE,FALSE,FALSE,davidislearninghowtosendemails@gmail.com,davidislearninghowtosendemails@gmail.com,FALSE,9499,davidislearninghowtosendemails@gmail.com,
FALSE,FALSE,400,FALSE,FALSE,FALSE,FALSE,davidislearninghowtosendemails@gmail.com,davidislearninghowtosendemails@gmail.com,FALSE,9500,davidislearninghowtosendemails@gmail.com,
